Timestamp,Component,Alarm ID,Alarm Title,Alarm Description IT,Alarm Description EN,Alarm Description LANG1,Alarm Description LANG2,User
2021-06-26 22:04:03,BASE GREY,2,MV14 NOT DETECTED,Componente/i MV14 non rilevato/i dal sistema.,MV14 component(s) not detected by the system.,System nie wykrył komponentu/ów MV14.,,0000
2021-06-26 21:55:43,BASE GREY,2,MV14 NOT DETECTED,Componente/i MV14 non rilevato/i dal sistema.,MV14 component(s) not detected by the system.,System nie wykrył komponentu/ów MV14.,,0000
2021-06-26 16:33:57,HIGH PREMIUM BLACK,2,S21/S22/S23/S24/S25/S26/S27/ NOT DETECTED,Componente/i S21/S22/S23/S24/S25/S26/S27/ non rilevato/i dal sistema.,S21/S22/S23/S24/S25/S26/S27/ component(s) not detected by the system.,System nie wykrył komponentu/ów S21/S22/S23/S24/S25/S26/S27/.,,0000
2021-06-26 16:07:08,HIGH PREMIUM BEIGE,2,S23/S24/S25/S26/S27/ NOT DETECTED,Componente/i S23/S24/S25/S26/S27/ non rilevato/i dal sistema.,S23/S24/S25/S26/S27/ component(s) not detected by the system.,System nie wykrył komponentu/ów S23/S24/S25/S26/S27/.,,0000
2021-06-26 15:39:15,HIGH PREMIUM BEIGE,2,S23/S24/S25/S26/S27/ NOT DETECTED,Componente/i S23/S24/S25/S26/S27/ non rilevato/i dal sistema.,S23/S24/S25/S26/S27/ component(s) not detected by the system.,System nie wykrył komponentu/ów S23/S24/S25/S26/S27/.,,0000
2021-06-26 15:38:22,HIGH PREMIUM BEIGE,2,S25/S27/ NOT DETECTED,Componente/i S25/S27/ non rilevato/i dal sistema.,S25/S27/ component(s) not detected by the system.,System nie wykrył komponentu/ów S25/S27/.,,0000
2021-06-26 15:36:53,HIGH PREMIUM BEIGE,2,S13/S14/S15/S16/S17/S21/S22/ NOT DETECTED,Componente/i S13/S14/S15/S16/S17/S21/S22/ non rilevato/i dal sistema.,S13/S14/S15/S16/S17/S21/S22/ component(s) not detected by the system.,System nie wykrył komponentu/ów S13/S14/S15/S16/S17/S21/S22/.,,0000
2021-06-26 15:31:12,HIGH PREMIUM BEIGE,2,S13/S14/S15/S16/S17/S21/S22 NOT DETECTED,Componente/i S13/S14/S15/S16/S17/S21/S22 non rilevato/i dal sistema.,S13/S14/S15/S16/S17/S21/S22 component(s) not detected by the system.,System nie wykrył komponentu/ów S13/S14/S15/S16/S17/S21/S22.,,0000
2021-06-26 15:15:21,HIGH PREMIUM BEIGE,2,S25/S27/ NOT DETECTED,Componente/i S25/S27/ non rilevato/i dal sistema.,S25/S27/ component(s) not detected by the system.,System nie wykrył komponentu/ów S25/S27/.,,0000
2021-06-26 15:10:10,HIGH PREMIUM BEIGE,2,S25/S27/ NOT DETECTED,Componente/i S25/S27/ non rilevato/i dal sistema.,S25/S27/ component(s) not detected by the system.,System nie wykrył komponentu/ów S25/S27/.,,0000
2021-06-26 13:00:44,HIGH PREMIUM BEIGE,2,S16/ NOT DETECTED,Componente/i S16/ non rilevato/i dal sistema.,S16/ component(s) not detected by the system.,System nie wykrył komponentu/ów S16/.,,0000
2021-06-26 12:59:04,HIGH PREMIUM BEIGE,2,S13/S14/S15/S16/S17/S21/S22 NOT DETECTED,Componente/i S13/S14/S15/S16/S17/S21/S22 non rilevato/i dal sistema.,S13/S14/S15/S16/S17/S21/S22 component(s) not detected by the system.,System nie wykrył komponentu/ów S13/S14/S15/S16/S17/S21/S22.,,0000
2021-06-26 12:58:06,HIGH PREMIUM BEIGE,3, END POSITION TIMEOUT ERROR,"Errore di timeout posizionamento pneumatica. I cilindri  non hanno raggiunto la posizione di lavoro. Accedere ai ""Comandi Manuali"" e verificare il corretto funzionamento dei sensori di finecorsa.","Pneumatics reaching position timeout error.  cylinders END POSITION not reached.
Access to ""Manual Commands"" to verify sensors and pneumatics proper functioning.",Błąd przekroczenia limitu czasu pozycjonowania pneumatycznego. Cylindry  nie osiągnęły pozycji roboczej. Wejdź do „Poleceń ręcznych” i sprawdź poprawność działania czujników wyłączników krańcowych.,,0000
2021-06-26 12:53:52,BASE BEIGE,2,MV14/MO11/MO12 NOT DETECTED,Componente/i MV14/MO11/MO12 non rilevato/i dal sistema.,MV14/MO11/MO12 component(s) not detected by the system.,System nie wykrył komponentu/ów MV14/MO11/MO12.,,0000
2021-06-26 12:53:46,BASE BEIGE,5,MV14 END POSITION TIMEOUT ERROR,"Errore di timeout posizionamento pneumatica. I cilindri MV14 non hanno raggiunto la posizione di lavoro. Accedere ai ""Comandi Manuali"" e verificare il corretto funzionamento dei sensori di finecorsa.","Pneumatics reaching position timeout error. MV14 cylinders END POSITION not reached.
Access to ""Manual Commands"" to verify sensors and pneumatics proper functioning.",Błąd przekroczenia limitu czasu pozycjonowania pneumatycznego. Cylindry MV14 nie osiągnęły pozycji roboczej. Wejdź do „Poleceń ręcznych” i sprawdź poprawność działania czujników wyłączników krańcowych.,,0000
2021-06-26 12:44:16,HIGH PREMIUM BLACK,3, END POSITION TIMEOUT ERROR,"Errore di timeout posizionamento pneumatica. I cilindri  non hanno raggiunto la posizione di lavoro. Accedere ai ""Comandi Manuali"" e verificare il corretto funzionamento dei sensori di finecorsa.","Pneumatics reaching position timeout error.  cylinders END POSITION not reached.
Access to ""Manual Commands"" to verify sensors and pneumatics proper functioning.",Błąd przekroczenia limitu czasu pozycjonowania pneumatycznego. Cylindry  nie osiągnęły pozycji roboczej. Wejdź do „Poleceń ręcznych” i sprawdź poprawność działania czujników wyłączników krańcowych.,,0000
2021-06-26 12:42:45,HIGH PREMIUM BLACK,3, END POSITION TIMEOUT ERROR,"Errore di timeout posizionamento pneumatica. I cilindri  non hanno raggiunto la posizione di lavoro. Accedere ai ""Comandi Manuali"" e verificare il corretto funzionamento dei sensori di finecorsa.","Pneumatics reaching position timeout error.  cylinders END POSITION not reached.
Access to ""Manual Commands"" to verify sensors and pneumatics proper functioning.",Błąd przekroczenia limitu czasu pozycjonowania pneumatycznego. Cylindry  nie osiągnęły pozycji roboczej. Wejdź do „Poleceń ręcznych” i sprawdź poprawność działania czujników wyłączników krańcowych.,,0000
2021-06-26 12:37:23,HIGH PREMIUM BLACK,2,{sensor} NOT DETECTED,Componente/i {sensor} non rilevato/i dal sistema.,{sensor} component(s) not detected by the system.,System nie wykrył komponentu/ów {sensor}.,,0000
2021-06-26 12:35:40,HIGH PREMIUM BLACK,2,{sensor} NOT DETECTED,Componente/i {sensor} non rilevato/i dal sistema.,{sensor} component(s) not detected by the system.,System nie wykrył komponentu/ów {sensor}.,,0000
2021-06-26 12:33:50,HIGH PREMIUM BLACK,2,{sensor} NOT DETECTED,Componente/i {sensor} non rilevato/i dal sistema.,{sensor} component(s) not detected by the system.,System nie wykrył komponentu/ów {sensor}.,,0000
2021-06-26 12:33:38,HIGH PREMIUM BLACK,2,{sensor} NOT DETECTED,Componente/i {sensor} non rilevato/i dal sistema.,{sensor} component(s) not detected by the system.,System nie wykrył komponentu/ów {sensor}.,,0000
2021-06-26 12:29:21,HIGH PREMIUM BLACK,2,{sensor} NOT DETECTED,Componente/i {sensor} non rilevato/i dal sistema.,{sensor} component(s) not detected by the system.,System nie wykrył komponentu/ów {sensor}.,,0000
2021-06-26 12:29:09,HIGH PREMIUM BLACK,2,{sensor} NOT DETECTED,Componente/i {sensor} non rilevato/i dal sistema.,{sensor} component(s) not detected by the system.,System nie wykrył komponentu/ów {sensor}.,,0000
2021-06-26 12:28:50,HIGH PREMIUM BLACK,3, END POSITION TIMEOUT ERROR,"Errore di timeout posizionamento pneumatica. I cilindri  non hanno raggiunto la posizione di lavoro. Accedere ai ""Comandi Manuali"" e verificare il corretto funzionamento dei sensori di finecorsa.","Pneumatics reaching position timeout error.  cylinders END POSITION not reached.
Access to ""Manual Commands"" to verify sensors and pneumatics proper functioning.",Błąd przekroczenia limitu czasu pozycjonowania pneumatycznego. Cylindry  nie osiągnęły pozycji roboczej. Wejdź do „Poleceń ręcznych” i sprawdź poprawność działania czujników wyłączników krańcowych.,,0000
2021-06-25 17:17:58,BASE BEIGE,2,MV14/MO11/MO12 NOT DETECTED,Componente/i MV14/MO11/MO12 non rilevato/i dal sistema.,MV14/MO11/MO12 component(s) not detected by the system.,System nie wykrył komponentu/ów MV14/MO11/MO12.,,0000
2021-06-25 17:17:35,BASE BEIGE,5,MV14 END POSITION TIMEOUT ERROR,"Errore di timeout posizionamento pneumatica. I cilindri MV14 non hanno raggiunto la posizione di lavoro. Accedere ai ""Comandi Manuali"" e verificare il corretto funzionamento dei sensori di finecorsa.","Pneumatics reaching position timeout error. MV14 cylinders END POSITION not reached.
Access to ""Manual Commands"" to verify sensors and pneumatics proper functioning.",Błąd przekroczenia limitu czasu pozycjonowania pneumatycznego. Cylindry MV14 nie osiągnęły pozycji roboczej. Wejdź do „Poleceń ręcznych” i sprawdź poprawność działania czujników wyłączników krańcowych.,,0000
2021-06-25 16:17:16,BASE BEIGE,2,MV11 NOT DETECTED,Componente/i MV11 non rilevato/i dal sistema.,MV11 component(s) not detected by the system.,System nie wykrył komponentu/ów MV11.,,0000
2021-06-25 16:16:11,BASE BEIGE,3, END POSITION TIMEOUT ERROR,"Errore di timeout posizionamento pneumatica. I cilindri  non hanno raggiunto la posizione di lavoro. Accedere ai ""Comandi Manuali"" e verificare il corretto funzionamento dei sensori di finecorsa.","Pneumatics reaching position timeout error.  cylinders END POSITION not reached.
Access to ""Manual Commands"" to verify sensors and pneumatics proper functioning.",Błąd przekroczenia limitu czasu pozycjonowania pneumatycznego. Cylindry  nie osiągnęły pozycji roboczej. Wejdź do „Poleceń ręcznych” i sprawdź poprawność działania czujników wyłączników krańcowych.,,0000
2021-06-25 15:05:23,BASE BEIGE,2,MO22 NOT DETECTED,Componente/i MO22 non rilevato/i dal sistema.,MO22 component(s) not detected by the system.,System nie wykrył komponentu/ów MO22.,,0000
2021-06-25 15:05:18,BASE BEIGE,5,MO21 END POSITION TIMEOUT ERROR,"Errore di timeout posizionamento pneumatica. I cilindri MO21 non hanno raggiunto la posizione di lavoro. Accedere ai ""Comandi Manuali"" e verificare il corretto funzionamento dei sensori di finecorsa.","Pneumatics reaching position timeout error. MO21 cylinders END POSITION not reached.
Access to ""Manual Commands"" to verify sensors and pneumatics proper functioning.",Błąd przekroczenia limitu czasu pozycjonowania pneumatycznego. Cylindry MO21 nie osiągnęły pozycji roboczej. Wejdź do „Poleceń ręcznych” i sprawdź poprawność działania czujników wyłączników krańcowych.,,0000
2021-06-25 10:03:52,BASE BEIGE,2,MV14/MO11/MO12 NOT DETECTED,Componente/i MV14/MO11/MO12 non rilevato/i dal sistema.,MV14/MO11/MO12 component(s) not detected by the system.,System nie wykrył komponentu/ów MV14/MO11/MO12.,,0000
2021-06-25 10:03:31,BASE BEIGE,5,MV14 END POSITION TIMEOUT ERROR,"Errore di timeout posizionamento pneumatica. I cilindri MV14 non hanno raggiunto la posizione di lavoro. Accedere ai ""Comandi Manuali"" e verificare il corretto funzionamento dei sensori di finecorsa.","Pneumatics reaching position timeout error. MV14 cylinders END POSITION not reached.
Access to ""Manual Commands"" to verify sensors and pneumatics proper functioning.",Błąd przekroczenia limitu czasu pozycjonowania pneumatycznego. Cylindry MV14 nie osiągnęły pozycji roboczej. Wejdź do „Poleceń ręcznych” i sprawdź poprawność działania czujników wyłączników krańcowych.,,0000
2021-06-25 09:59:58,BASE BEIGE,2,MV11/MO11/MO12 NOT DETECTED,Componente/i MV11/MO11/MO12 non rilevato/i dal sistema.,MV11/MO11/MO12 component(s) not detected by the system.,System nie wykrył komponentu/ów MV11/MO11/MO12.,,0000
2021-06-25 09:59:53,BASE BEIGE,5,MV11 END POSITION TIMEOUT ERROR,"Errore di timeout posizionamento pneumatica. I cilindri MV11 non hanno raggiunto la posizione di lavoro. Accedere ai ""Comandi Manuali"" e verificare il corretto funzionamento dei sensori di finecorsa.","Pneumatics reaching position timeout error. MV11 cylinders END POSITION not reached.
Access to ""Manual Commands"" to verify sensors and pneumatics proper functioning.",Błąd przekroczenia limitu czasu pozycjonowania pneumatycznego. Cylindry MV11 nie osiągnęły pozycji roboczej. Wejdź do „Poleceń ręcznych” i sprawdź poprawność działania czujników wyłączników krańcowych.,,0000
2021-06-25 09:49:43,BASE BEIGE,5,S11 END POSITION TIMEOUT ERROR,"Errore di timeout posizionamento pneumatica. I cilindri S11 non hanno raggiunto la posizione di lavoro. Accedere ai ""Comandi Manuali"" e verificare il corretto funzionamento dei sensori di finecorsa.","Pneumatics reaching position timeout error. S11 cylinders END POSITION not reached.
Access to ""Manual Commands"" to verify sensors and pneumatics proper functioning.",Błąd przekroczenia limitu czasu pozycjonowania pneumatycznego. Cylindry S11 nie osiągnęły pozycji roboczej. Wejdź do „Poleceń ręcznych” i sprawdź poprawność działania czujników wyłączników krańcowych.,,0000
2021-06-25 09:39:27,BASE BEIGE,5,S11 END POSITION TIMEOUT ERROR,"Errore di timeout posizionamento pneumatica. I cilindri S11 non hanno raggiunto la posizione di lavoro. Accedere ai ""Comandi Manuali"" e verificare il corretto funzionamento dei sensori di finecorsa.","Pneumatics reaching position timeout error. S11 cylinders END POSITION not reached.
Access to ""Manual Commands"" to verify sensors and pneumatics proper functioning.",Błąd przekroczenia limitu czasu pozycjonowania pneumatycznego. Cylindry S11 nie osiągnęły pozycji roboczej. Wejdź do „Poleceń ręcznych” i sprawdź poprawność działania czujników wyłączników krańcowych.,,0000
2021-06-21 09:01:13,BASE BEIGE,3, END POSITION TIMEOUT ERROR,"Errore di timeout posizionamento pneumatica. I cilindri  non hanno raggiunto la posizione di lavoro. Accedere ai ""Comandi Manuali"" e verificare il corretto funzionamento dei sensori di finecorsa.","Pneumatics reaching position timeout error.  cylinders END POSITION not reached.
Access to ""Manual Commands"" to verify sensors and pneumatics proper functioning.",Błąd przekroczenia limitu czasu pozycjonowania pneumatycznego. Cylindry  nie osiągnęły pozycji roboczej. Wejdź do „Poleceń ręcznych” i sprawdź poprawność działania czujników wyłączników krańcowych.,,0000
2021-06-21 09:00:51,BASE BEIGE,3, END POSITION TIMEOUT ERROR,"Errore di timeout posizionamento pneumatica. I cilindri  non hanno raggiunto la posizione di lavoro. Accedere ai ""Comandi Manuali"" e verificare il corretto funzionamento dei sensori di finecorsa.","Pneumatics reaching position timeout error.  cylinders END POSITION not reached.
Access to ""Manual Commands"" to verify sensors and pneumatics proper functioning.",Błąd przekroczenia limitu czasu pozycjonowania pneumatycznego. Cylindry  nie osiągnęły pozycji roboczej. Wejdź do „Poleceń ręcznych” i sprawdź poprawność działania czujników wyłączników krańcowych.,,0000
2021-06-21 08:04:02,BASE BEIGE,3, END POSITION TIMEOUT ERROR,"Errore di timeout posizionamento pneumatica. I cilindri  non hanno raggiunto la posizione di lavoro. Accedere ai ""Comandi Manuali"" e verificare il corretto funzionamento dei sensori di finecorsa.","Pneumatics reaching position timeout error.  cylinders END POSITION not reached.
Access to ""Manual Commands"" to verify sensors and pneumatics proper functioning.",Błąd przekroczenia limitu czasu pozycjonowania pneumatycznego. Cylindry  nie osiągnęły pozycji roboczej. Wejdź do „Poleceń ręcznych” i sprawdź poprawność działania czujników wyłączników krańcowych.,,0000
2021-06-21 08:03:59,BASE BEIGE,3, END POSITION TIMEOUT ERROR,"Errore di timeout posizionamento pneumatica. I cilindri  non hanno raggiunto la posizione di lavoro. Accedere ai ""Comandi Manuali"" e verificare il corretto funzionamento dei sensori di finecorsa.","Pneumatics reaching position timeout error.  cylinders END POSITION not reached.
Access to ""Manual Commands"" to verify sensors and pneumatics proper functioning.",Błąd przekroczenia limitu czasu pozycjonowania pneumatycznego. Cylindry  nie osiągnęły pozycji roboczej. Wejdź do „Poleceń ręcznych” i sprawdź poprawność działania czujników wyłączników krańcowych.,,0000
2021-06-21 08:01:50,BASE BEIGE,3, END POSITION TIMEOUT ERROR,"Errore di timeout posizionamento pneumatica. I cilindri  non hanno raggiunto la posizione di lavoro. Accedere ai ""Comandi Manuali"" e verificare il corretto funzionamento dei sensori di finecorsa.","Pneumatics reaching position timeout error.  cylinders END POSITION not reached.
Access to ""Manual Commands"" to verify sensors and pneumatics proper functioning.",Błąd przekroczenia limitu czasu pozycjonowania pneumatycznego. Cylindry  nie osiągnęły pozycji roboczej. Wejdź do „Poleceń ręcznych” i sprawdź poprawność działania czujników wyłączników krańcowych.,,0000
2021-06-21 08:01:43,BASE BEIGE,3, END POSITION TIMEOUT ERROR,"Errore di timeout posizionamento pneumatica. I cilindri  non hanno raggiunto la posizione di lavoro. Accedere ai ""Comandi Manuali"" e verificare il corretto funzionamento dei sensori di finecorsa.","Pneumatics reaching position timeout error.  cylinders END POSITION not reached.
Access to ""Manual Commands"" to verify sensors and pneumatics proper functioning.",Błąd przekroczenia limitu czasu pozycjonowania pneumatycznego. Cylindry  nie osiągnęły pozycji roboczej. Wejdź do „Poleceń ręcznych” i sprawdź poprawność działania czujników wyłączników krańcowych.,,0000
2021-06-21 08:01:42,BASE BEIGE,3, END POSITION TIMEOUT ERROR,"Errore di timeout posizionamento pneumatica. I cilindri  non hanno raggiunto la posizione di lavoro. Accedere ai ""Comandi Manuali"" e verificare il corretto funzionamento dei sensori di finecorsa.","Pneumatics reaching position timeout error.  cylinders END POSITION not reached.
Access to ""Manual Commands"" to verify sensors and pneumatics proper functioning.",Błąd przekroczenia limitu czasu pozycjonowania pneumatycznego. Cylindry  nie osiągnęły pozycji roboczej. Wejdź do „Poleceń ręcznych” i sprawdź poprawność działania czujników wyłączników krańcowych.,,0000
2021-06-21 08:01:32,BASE BEIGE,3, END POSITION TIMEOUT ERROR,"Errore di timeout posizionamento pneumatica. I cilindri  non hanno raggiunto la posizione di lavoro. Accedere ai ""Comandi Manuali"" e verificare il corretto funzionamento dei sensori di finecorsa.","Pneumatics reaching position timeout error.  cylinders END POSITION not reached.
Access to ""Manual Commands"" to verify sensors and pneumatics proper functioning.",Błąd przekroczenia limitu czasu pozycjonowania pneumatycznego. Cylindry  nie osiągnęły pozycji roboczej. Wejdź do „Poleceń ręcznych” i sprawdź poprawność działania czujników wyłączników krańcowych.,,0000
2021-06-21 08:01:20,BASE BEIGE,3, END POSITION TIMEOUT ERROR,"Errore di timeout posizionamento pneumatica. I cilindri  non hanno raggiunto la posizione di lavoro. Accedere ai ""Comandi Manuali"" e verificare il corretto funzionamento dei sensori di finecorsa.","Pneumatics reaching position timeout error.  cylinders END POSITION not reached.
Access to ""Manual Commands"" to verify sensors and pneumatics proper functioning.",Błąd przekroczenia limitu czasu pozycjonowania pneumatycznego. Cylindry  nie osiągnęły pozycji roboczej. Wejdź do „Poleceń ręcznych” i sprawdź poprawność działania czujników wyłączników krańcowych.,,0000
2021-06-21 08:01:16,BASE BEIGE,3, END POSITION TIMEOUT ERROR,"Errore di timeout posizionamento pneumatica. I cilindri  non hanno raggiunto la posizione di lavoro. Accedere ai ""Comandi Manuali"" e verificare il corretto funzionamento dei sensori di finecorsa.","Pneumatics reaching position timeout error.  cylinders END POSITION not reached.
Access to ""Manual Commands"" to verify sensors and pneumatics proper functioning.",Błąd przekroczenia limitu czasu pozycjonowania pneumatycznego. Cylindry  nie osiągnęły pozycji roboczej. Wejdź do „Poleceń ręcznych” i sprawdź poprawność działania czujników wyłączników krańcowych.,,0000
2021-06-21 08:00:50,BASE BEIGE,3, END POSITION TIMEOUT ERROR,"Errore di timeout posizionamento pneumatica. I cilindri  non hanno raggiunto la posizione di lavoro. Accedere ai ""Comandi Manuali"" e verificare il corretto funzionamento dei sensori di finecorsa.","Pneumatics reaching position timeout error.  cylinders END POSITION not reached.
Access to ""Manual Commands"" to verify sensors and pneumatics proper functioning.",Błąd przekroczenia limitu czasu pozycjonowania pneumatycznego. Cylindry  nie osiągnęły pozycji roboczej. Wejdź do „Poleceń ręcznych” i sprawdź poprawność działania czujników wyłączników krańcowych.,,0000
2021-06-21 08:00:48,BASE BEIGE,3, END POSITION TIMEOUT ERROR,"Errore di timeout posizionamento pneumatica. I cilindri  non hanno raggiunto la posizione di lavoro. Accedere ai ""Comandi Manuali"" e verificare il corretto funzionamento dei sensori di finecorsa.","Pneumatics reaching position timeout error.  cylinders END POSITION not reached.
Access to ""Manual Commands"" to verify sensors and pneumatics proper functioning.",Błąd przekroczenia limitu czasu pozycjonowania pneumatycznego. Cylindry  nie osiągnęły pozycji roboczej. Wejdź do „Poleceń ręcznych” i sprawdź poprawność działania czujników wyłączników krańcowych.,,0000
2021-06-21 08:00:09,BASE BEIGE,3, END POSITION TIMEOUT ERROR,"Errore di timeout posizionamento pneumatica. I cilindri  non hanno raggiunto la posizione di lavoro. Accedere ai ""Comandi Manuali"" e verificare il corretto funzionamento dei sensori di finecorsa.","Pneumatics reaching position timeout error.  cylinders END POSITION not reached.
Access to ""Manual Commands"" to verify sensors and pneumatics proper functioning.",Błąd przekroczenia limitu czasu pozycjonowania pneumatycznego. Cylindry  nie osiągnęły pozycji roboczej. Wejdź do „Poleceń ręcznych” i sprawdź poprawność działania czujników wyłączników krańcowych.,,0000
2021-06-21 07:59:18,BASE BEIGE,0,PLC COMMUNICATION LOST,La comunicazione tra il pannello operatore e il PLC si è interrotta.,Communication between Panel PC and PLC lost.,Komunikacja między panelem operatora a PLC została przerwana.,,0000
2021-06-21 07:56:34,BASE BEIGE,3,{sensor} END POSITION TIMEOUT ERROR,"Errore di timeout posizionamento pneumatica. I cilindri {sensor} non hanno raggiunto la posizione di lavoro. Accedere ai ""Comandi Manuali"" e verificare il corretto funzionamento dei sensori di finecorsa.","Pneumatics reaching position timeout error. {sensor} cylinders END POSITION not reached.
Access to ""Manual Commands"" to verify sensors and pneumatics proper functioning.",Błąd przekroczenia limitu czasu pozycjonowania pneumatycznego. Cylindry {sensor} nie osiągnęły pozycji roboczej. Wejdź do „Poleceń ręcznych” i sprawdź poprawność działania czujników wyłączników krańcowych.,,0000
2021-06-21 07:56:30,BASE BEIGE,3, END POSITION TIMEOUT ERROR,"Errore di timeout posizionamento pneumatica. I cilindri  non hanno raggiunto la posizione di lavoro. Accedere ai ""Comandi Manuali"" e verificare il corretto funzionamento dei sensori di finecorsa.","Pneumatics reaching position timeout error.  cylinders END POSITION not reached.
Access to ""Manual Commands"" to verify sensors and pneumatics proper functioning.",Błąd przekroczenia limitu czasu pozycjonowania pneumatycznego. Cylindry  nie osiągnęły pozycji roboczej. Wejdź do „Poleceń ręcznych” i sprawdź poprawność działania czujników wyłączników krańcowych.,,0000
2021-06-21 07:56:19,BASE BEIGE,3, END POSITION TIMEOUT ERROR,"Errore di timeout posizionamento pneumatica. I cilindri  non hanno raggiunto la posizione di lavoro. Accedere ai ""Comandi Manuali"" e verificare il corretto funzionamento dei sensori di finecorsa.","Pneumatics reaching position timeout error.  cylinders END POSITION not reached.
Access to ""Manual Commands"" to verify sensors and pneumatics proper functioning.",Błąd przekroczenia limitu czasu pozycjonowania pneumatycznego. Cylindry  nie osiągnęły pozycji roboczej. Wejdź do „Poleceń ręcznych” i sprawdź poprawność działania czujników wyłączników krańcowych.,,0000
2021-06-21 07:56:13,BASE BEIGE,3, END POSITION TIMEOUT ERROR,"Errore di timeout posizionamento pneumatica. I cilindri  non hanno raggiunto la posizione di lavoro. Accedere ai ""Comandi Manuali"" e verificare il corretto funzionamento dei sensori di finecorsa.","Pneumatics reaching position timeout error.  cylinders END POSITION not reached.
Access to ""Manual Commands"" to verify sensors and pneumatics proper functioning.",Błąd przekroczenia limitu czasu pozycjonowania pneumatycznego. Cylindry  nie osiągnęły pozycji roboczej. Wejdź do „Poleceń ręcznych” i sprawdź poprawność działania czujników wyłączników krańcowych.,,0000
2021-06-21 07:54:15,BASE BEIGE,3, END POSITION TIMEOUT ERROR,"Errore di timeout posizionamento pneumatica. I cilindri  non hanno raggiunto la posizione di lavoro. Accedere ai ""Comandi Manuali"" e verificare il corretto funzionamento dei sensori di finecorsa.","Pneumatics reaching position timeout error.  cylinders END POSITION not reached.
Access to ""Manual Commands"" to verify sensors and pneumatics proper functioning.",Błąd przekroczenia limitu czasu pozycjonowania pneumatycznego. Cylindry  nie osiągnęły pozycji roboczej. Wejdź do „Poleceń ręcznych” i sprawdź poprawność działania czujników wyłączników krańcowych.,,0000
2021-06-21 07:54:05,BASE BEIGE,3, END POSITION TIMEOUT ERROR,"Errore di timeout posizionamento pneumatica. I cilindri  non hanno raggiunto la posizione di lavoro. Accedere ai ""Comandi Manuali"" e verificare il corretto funzionamento dei sensori di finecorsa.","Pneumatics reaching position timeout error.  cylinders END POSITION not reached.
Access to ""Manual Commands"" to verify sensors and pneumatics proper functioning.",Błąd przekroczenia limitu czasu pozycjonowania pneumatycznego. Cylindry  nie osiągnęły pozycji roboczej. Wejdź do „Poleceń ręcznych” i sprawdź poprawność działania czujników wyłączników krańcowych.,,0000
2021-06-21 07:53:38,BASE BEIGE,3, END POSITION TIMEOUT ERROR,"Errore di timeout posizionamento pneumatica. I cilindri  non hanno raggiunto la posizione di lavoro. Accedere ai ""Comandi Manuali"" e verificare il corretto funzionamento dei sensori di finecorsa.","Pneumatics reaching position timeout error.  cylinders END POSITION not reached.
Access to ""Manual Commands"" to verify sensors and pneumatics proper functioning.",Błąd przekroczenia limitu czasu pozycjonowania pneumatycznego. Cylindry  nie osiągnęły pozycji roboczej. Wejdź do „Poleceń ręcznych” i sprawdź poprawność działania czujników wyłączników krańcowych.,,0000
2021-06-21 07:53:00,BASE BEIGE,3, END POSITION TIMEOUT ERROR,"Errore di timeout posizionamento pneumatica. I cilindri  non hanno raggiunto la posizione di lavoro. Accedere ai ""Comandi Manuali"" e verificare il corretto funzionamento dei sensori di finecorsa.","Pneumatics reaching position timeout error.  cylinders END POSITION not reached.
Access to ""Manual Commands"" to verify sensors and pneumatics proper functioning.",Błąd przekroczenia limitu czasu pozycjonowania pneumatycznego. Cylindry  nie osiągnęły pozycji roboczej. Wejdź do „Poleceń ręcznych” i sprawdź poprawność działania czujników wyłączników krańcowych.,,0000
2021-06-21 07:52:36,BASE BEIGE,3, END POSITION TIMEOUT ERROR,"Errore di timeout posizionamento pneumatica. I cilindri  non hanno raggiunto la posizione di lavoro. Accedere ai ""Comandi Manuali"" e verificare il corretto funzionamento dei sensori di finecorsa.","Pneumatics reaching position timeout error.  cylinders END POSITION not reached.
Access to ""Manual Commands"" to verify sensors and pneumatics proper functioning.",Błąd przekroczenia limitu czasu pozycjonowania pneumatycznego. Cylindry  nie osiągnęły pozycji roboczej. Wejdź do „Poleceń ręcznych” i sprawdź poprawność działania czujników wyłączników krańcowych.,,0000
2021-06-21 07:52:21,BASE BEIGE,3, END POSITION TIMEOUT ERROR,"Errore di timeout posizionamento pneumatica. I cilindri  non hanno raggiunto la posizione di lavoro. Accedere ai ""Comandi Manuali"" e verificare il corretto funzionamento dei sensori di finecorsa.","Pneumatics reaching position timeout error.  cylinders END POSITION not reached.
Access to ""Manual Commands"" to verify sensors and pneumatics proper functioning.",Błąd przekroczenia limitu czasu pozycjonowania pneumatycznego. Cylindry  nie osiągnęły pozycji roboczej. Wejdź do „Poleceń ręcznych” i sprawdź poprawność działania czujników wyłączników krańcowych.,,0000
2021-06-21 07:51:10,BASE BEIGE,3, END POSITION TIMEOUT ERROR,"Errore di timeout posizionamento pneumatica. I cilindri  non hanno raggiunto la posizione di lavoro. Accedere ai ""Comandi Manuali"" e verificare il corretto funzionamento dei sensori di finecorsa.","Pneumatics reaching position timeout error.  cylinders END POSITION not reached.
Access to ""Manual Commands"" to verify sensors and pneumatics proper functioning.",Błąd przekroczenia limitu czasu pozycjonowania pneumatycznego. Cylindry  nie osiągnęły pozycji roboczej. Wejdź do „Poleceń ręcznych” i sprawdź poprawność działania czujników wyłączników krańcowych.,,0000
2021-06-20 20:55:19,BASE BEIGE,3, END POSITION TIMEOUT ERROR,"Errore di timeout posizionamento pneumatica. I cilindri  non hanno raggiunto la posizione di lavoro. Accedere ai ""Comandi Manuali"" e verificare il corretto funzionamento dei sensori di finecorsa.","Pneumatics reaching position timeout error.  cylinders END POSITION not reached.
Access to ""Manual Commands"" to verify sensors and pneumatics proper functioning.",Błąd przekroczenia limitu czasu pozycjonowania pneumatycznego. Cylindry  nie osiągnęły pozycji roboczej. Wejdź do „Poleceń ręcznych” i sprawdź poprawność działania czujników wyłączników krańcowych.,,0000
2021-06-20 20:55:16,BASE BEIGE,3, END POSITION TIMEOUT ERROR,"Errore di timeout posizionamento pneumatica. I cilindri  non hanno raggiunto la posizione di lavoro. Accedere ai ""Comandi Manuali"" e verificare il corretto funzionamento dei sensori di finecorsa.","Pneumatics reaching position timeout error.  cylinders END POSITION not reached.
Access to ""Manual Commands"" to verify sensors and pneumatics proper functioning.",Błąd przekroczenia limitu czasu pozycjonowania pneumatycznego. Cylindry  nie osiągnęły pozycji roboczej. Wejdź do „Poleceń ręcznych” i sprawdź poprawność działania czujników wyłączników krańcowych.,,0000
2021-06-20 20:55:01,BASE BEIGE,3, END POSITION TIMEOUT ERROR,"Errore di timeout posizionamento pneumatica. I cilindri  non hanno raggiunto la posizione di lavoro. Accedere ai ""Comandi Manuali"" e verificare il corretto funzionamento dei sensori di finecorsa.","Pneumatics reaching position timeout error.  cylinders END POSITION not reached.
Access to ""Manual Commands"" to verify sensors and pneumatics proper functioning.",Błąd przekroczenia limitu czasu pozycjonowania pneumatycznego. Cylindry  nie osiągnęły pozycji roboczej. Wejdź do „Poleceń ręcznych” i sprawdź poprawność działania czujników wyłączników krańcowych.,,0000
2021-06-20 20:54:51,BASE BEIGE,3, END POSITION TIMEOUT ERROR,"Errore di timeout posizionamento pneumatica. I cilindri  non hanno raggiunto la posizione di lavoro. Accedere ai ""Comandi Manuali"" e verificare il corretto funzionamento dei sensori di finecorsa.","Pneumatics reaching position timeout error.  cylinders END POSITION not reached.
Access to ""Manual Commands"" to verify sensors and pneumatics proper functioning.",Błąd przekroczenia limitu czasu pozycjonowania pneumatycznego. Cylindry  nie osiągnęły pozycji roboczej. Wejdź do „Poleceń ręcznych” i sprawdź poprawność działania czujników wyłączników krańcowych.,,0000
2021-06-20 20:54:37,BASE BEIGE,3, END POSITION TIMEOUT ERROR,"Errore di timeout posizionamento pneumatica. I cilindri  non hanno raggiunto la posizione di lavoro. Accedere ai ""Comandi Manuali"" e verificare il corretto funzionamento dei sensori di finecorsa.","Pneumatics reaching position timeout error.  cylinders END POSITION not reached.
Access to ""Manual Commands"" to verify sensors and pneumatics proper functioning.",Błąd przekroczenia limitu czasu pozycjonowania pneumatycznego. Cylindry  nie osiągnęły pozycji roboczej. Wejdź do „Poleceń ręcznych” i sprawdź poprawność działania czujników wyłączników krańcowych.,,0000
2021-06-20 20:54:35,BASE BEIGE,3, END POSITION TIMEOUT ERROR,"Errore di timeout posizionamento pneumatica. I cilindri  non hanno raggiunto la posizione di lavoro. Accedere ai ""Comandi Manuali"" e verificare il corretto funzionamento dei sensori di finecorsa.","Pneumatics reaching position timeout error.  cylinders END POSITION not reached.
Access to ""Manual Commands"" to verify sensors and pneumatics proper functioning.",Błąd przekroczenia limitu czasu pozycjonowania pneumatycznego. Cylindry  nie osiągnęły pozycji roboczej. Wejdź do „Poleceń ręcznych” i sprawdź poprawność działania czujników wyłączników krańcowych.,,0000
2021-06-20 20:52:14,BASE BEIGE,0,PLC COMMUNICATION LOST,La comunicazione tra il pannello operatore e il PLC si è interrotta.,Communication between Panel PC and PLC lost.,Komunikacja między panelem operatora a PLC została przerwana.,,0000
2021-06-20 20:47:27,BASE BEIGE,0,PLC COMMUNICATION LOST,La comunicazione tra il pannello operatore e il PLC si è interrotta.,Communication between Panel PC and PLC lost.,Komunikacja między panelem operatora a PLC została przerwana.,,0000
2021-06-20 20:47:07,BASE BEIGE,0,PLC COMMUNICATION LOST,La comunicazione tra il pannello operatore e il PLC si è interrotta.,Communication between Panel PC and PLC lost.,Komunikacja między panelem operatora a PLC została przerwana.,,0000
2021-06-20 20:46:28,BASE BEIGE,0,PLC COMMUNICATION LOST,La comunicazione tra il pannello operatore e il PLC si è interrotta.,Communication between Panel PC and PLC lost.,Komunikacja między panelem operatora a PLC została przerwana.,,0000
2021-06-20 20:26:04,BASE BEIGE,0,PLC COMMUNICATION LOST,La comunicazione tra il pannello operatore e il PLC si è interrotta.,Communication between Panel PC and PLC lost.,Komunikacja między panelem operatora a PLC została przerwana.,,0000
2021-06-20 20:25:53,BASE BEIGE,0,PLC COMMUNICATION LOST,La comunicazione tra il pannello operatore e il PLC si è interrotta.,Communication between Panel PC and PLC lost.,Komunikacja między panelem operatora a PLC została przerwana.,,0000
2021-06-20 20:25:51,BASE BEIGE,0,PLC COMMUNICATION LOST,La comunicazione tra il pannello operatore e il PLC si è interrotta.,Communication between Panel PC and PLC lost.,Komunikacja między panelem operatora a PLC została przerwana.,,0000
2021-06-20 20:25:48,BASE BEIGE,0,PLC COMMUNICATION LOST,La comunicazione tra il pannello operatore e il PLC si è interrotta.,Communication between Panel PC and PLC lost.,Komunikacja między panelem operatora a PLC została przerwana.,,0000
2021-06-20 20:25:18,BASE BEIGE,0,PLC COMMUNICATION LOST,La comunicazione tra il pannello operatore e il PLC si è interrotta.,Communication between Panel PC and PLC lost.,Komunikacja między panelem operatora a PLC została przerwana.,,0000
2021-06-20 20:22:01,BASE BEIGE,0,PLC COMMUNICATION LOST,La comunicazione tra il pannello operatore e il PLC si è interrotta.,Communication between Panel PC and PLC lost.,Komunikacja między panelem operatora a PLC została przerwana.,,0000
2021-06-20 20:03:18,BASE BEIGE,3, END POSITION TIMEOUT ERROR,"Errore di timeout posizionamento pneumatica. I cilindri  non hanno raggiunto la posizione di lavoro. Accedere ai ""Comandi Manuali"" e verificare il corretto funzionamento dei sensori di finecorsa.","Pneumatics reaching position timeout error.  cylinders END POSITION not reached.
Access to ""Manual Commands"" to verify sensors and pneumatics proper functioning.",Błąd przekroczenia limitu czasu pozycjonowania pneumatycznego. Cylindry  nie osiągnęły pozycji roboczej. Wejdź do „Poleceń ręcznych” i sprawdź poprawność działania czujników wyłączników krańcowych.,,0000
2021-06-20 20:02:17,BASE BEIGE,3, END POSITION TIMEOUT ERROR,"Errore di timeout posizionamento pneumatica. I cilindri  non hanno raggiunto la posizione di lavoro. Accedere ai ""Comandi Manuali"" e verificare il corretto funzionamento dei sensori di finecorsa.","Pneumatics reaching position timeout error.  cylinders END POSITION not reached.
Access to ""Manual Commands"" to verify sensors and pneumatics proper functioning.",Błąd przekroczenia limitu czasu pozycjonowania pneumatycznego. Cylindry  nie osiągnęły pozycji roboczej. Wejdź do „Poleceń ręcznych” i sprawdź poprawność działania czujników wyłączników krańcowych.,,0000
2021-06-20 19:36:17,BASE BEIGE,2,{sensor} NOT DETECTED,Componente/i {sensor} non rilevato/i dal sistema.,{sensor} component(s) not detected by the system.,System nie wykrył komponentu/ów {sensor}.,,0000
2021-06-20 19:36:15,BASE BEIGE,2,{sensor} NOT DETECTED,Componente/i {sensor} non rilevato/i dal sistema.,{sensor} component(s) not detected by the system.,System nie wykrył komponentu/ów {sensor}.,,0000
2021-06-20 19:36:08,BASE BEIGE,2,{sensor} NOT DETECTED,Componente/i {sensor} non rilevato/i dal sistema.,{sensor} component(s) not detected by the system.,System nie wykrył komponentu/ów {sensor}.,,0000
2021-06-20 19:36:05,BASE BEIGE,2,{sensor} NOT DETECTED,Componente/i {sensor} non rilevato/i dal sistema.,{sensor} component(s) not detected by the system.,System nie wykrył komponentu/ów {sensor}.,,0000
2021-06-20 19:36:03,BASE BEIGE,0,PLC COMMUNICATION LOST,La comunicazione tra il pannello operatore e il PLC si è interrotta.,Communication between Panel PC and PLC lost.,Komunikacja między panelem operatora a PLC została przerwana.,,0000
2021-06-20 19:35:54,BASE BEIGE,0,PLC COMMUNICATION LOST,La comunicazione tra il pannello operatore e il PLC si è interrotta.,Communication between Panel PC and PLC lost.,Komunikacja między panelem operatora a PLC została przerwana.,,0000
2021-06-20 19:35:53,BASE BEIGE,0,PLC COMMUNICATION LOST,La comunicazione tra il pannello operatore e il PLC si è interrotta.,Communication between Panel PC and PLC lost.,Komunikacja między panelem operatora a PLC została przerwana.,,0000
2021-06-20 19:35:51,BASE BEIGE,0,PLC COMMUNICATION LOST,La comunicazione tra il pannello operatore e il PLC si è interrotta.,Communication between Panel PC and PLC lost.,Komunikacja między panelem operatora a PLC została przerwana.,,0000
2021-06-20 19:35:38,BASE BEIGE,1,INITIALIZATION FAILED,"Inizializzazione del processo di produzione fallita. Questo errore potrebbe essere causato dallo scorretto posizionamento della pneumatica o della sensoristica. Accedere ai ""Comandi Manuali"" e verificare che tutti i cilindri siano in HOME POSITION e il corretto funzionamento della sensoristica.","Production initialization process failed. This error could be caused by incorrect pneumatics or sensors positioning. Access to ""Manual Commands"" to verify sensors and pneumatics proper functioning.","Nie udało się zainicjować procesu produkcyjnego. Ten błąd może być spowodowany nieprawidłowym położeniem pneumatyki lub czujników. Wejdź do „Poleceń ręcznych” i sprawdź, czy wszystkie cylindry są w HOME POSITION/POZYCJI WYJŚCIOWEJ i czy czujniki działają prawidłowo.",,0000
2021-06-20 19:35:35,BASE BEIGE,1,INITIALIZATION FAILED,"Inizializzazione del processo di produzione fallita. Questo errore potrebbe essere causato dallo scorretto posizionamento della pneumatica o della sensoristica. Accedere ai ""Comandi Manuali"" e verificare che tutti i cilindri siano in HOME POSITION e il corretto funzionamento della sensoristica.","Production initialization process failed. This error could be caused by incorrect pneumatics or sensors positioning. Access to ""Manual Commands"" to verify sensors and pneumatics proper functioning.","Nie udało się zainicjować procesu produkcyjnego. Ten błąd może być spowodowany nieprawidłowym położeniem pneumatyki lub czujników. Wejdź do „Poleceń ręcznych” i sprawdź, czy wszystkie cylindry są w HOME POSITION/POZYCJI WYJŚCIOWEJ i czy czujniki działają prawidłowo.",,0000
2021-06-20 19:35:11,BASE BEIGE,0,PLC COMMUNICATION LOST,La comunicazione tra il pannello operatore e il PLC si è interrotta.,Communication between Panel PC and PLC lost.,Komunikacja między panelem operatora a PLC została przerwana.,,0000
2021-06-20 19:34:51,BASE BEIGE,0,PLC COMMUNICATION LOST,La comunicazione tra il pannello operatore e il PLC si è interrotta.,Communication between Panel PC and PLC lost.,Komunikacja między panelem operatora a PLC została przerwana.,,0000
2021-06-20 19:34:50,BASE BEIGE,0,PLC COMMUNICATION LOST,La comunicazione tra il pannello operatore e il PLC si è interrotta.,Communication between Panel PC and PLC lost.,Komunikacja między panelem operatora a PLC została przerwana.,,0000
2021-06-20 19:34:48,BASE BEIGE,0,PLC COMMUNICATION LOST,La comunicazione tra il pannello operatore e il PLC si è interrotta.,Communication between Panel PC and PLC lost.,Komunikacja między panelem operatora a PLC została przerwana.,,0000
2021-06-20 19:34:47,BASE BEIGE,0,PLC COMMUNICATION LOST,La comunicazione tra il pannello operatore e il PLC si è interrotta.,Communication between Panel PC and PLC lost.,Komunikacja między panelem operatora a PLC została przerwana.,,0000
2021-06-20 19:34:46,BASE BEIGE,0,PLC COMMUNICATION LOST,La comunicazione tra il pannello operatore e il PLC si è interrotta.,Communication between Panel PC and PLC lost.,Komunikacja między panelem operatora a PLC została przerwana.,,0000
2021-06-20 19:34:44,BASE BEIGE,0,PLC COMMUNICATION LOST,La comunicazione tra il pannello operatore e il PLC si è interrotta.,Communication between Panel PC and PLC lost.,Komunikacja między panelem operatora a PLC została przerwana.,,0000
2021-06-20 19:34:43,BASE BEIGE,0,PLC COMMUNICATION LOST,La comunicazione tra il pannello operatore e il PLC si è interrotta.,Communication between Panel PC and PLC lost.,Komunikacja między panelem operatora a PLC została przerwana.,,0000
2021-06-20 19:34:41,BASE BEIGE,0,PLC COMMUNICATION LOST,La comunicazione tra il pannello operatore e il PLC si è interrotta.,Communication between Panel PC and PLC lost.,Komunikacja między panelem operatora a PLC została przerwana.,,0000
2021-06-20 19:34:38,BASE BEIGE,0,PLC COMMUNICATION LOST,La comunicazione tra il pannello operatore e il PLC si è interrotta.,Communication between Panel PC and PLC lost.,Komunikacja między panelem operatora a PLC została przerwana.,,0000
2021-06-20 19:34:37,BASE BEIGE,0,PLC COMMUNICATION LOST,La comunicazione tra il pannello operatore e il PLC si è interrotta.,Communication between Panel PC and PLC lost.,Komunikacja między panelem operatora a PLC została przerwana.,,0000
2021-06-20 19:34:35,BASE BEIGE,0,PLC COMMUNICATION LOST,La comunicazione tra il pannello operatore e il PLC si è interrotta.,Communication between Panel PC and PLC lost.,Komunikacja między panelem operatora a PLC została przerwana.,,0000
2021-06-20 19:34:10,BASE BEIGE,0,PLC COMMUNICATION LOST,La comunicazione tra il pannello operatore e il PLC si è interrotta.,Communication between Panel PC and PLC lost.,Komunikacja między panelem operatora a PLC została przerwana.,,0000
2021-06-20 18:17:03,BASE BEIGE,5,{sensor} END POSITION TIMEOUT ERROR,"Errore di timeout posizionamento pneumatica. I cilindri {sensor} non hanno raggiunto la posizione di lavoro. Accedere ai ""Comandi Manuali"" e verificare il corretto funzionamento dei sensori di finecorsa.","Pneumatics reaching position timeout error. {sensor} cylinders END POSITION not reached.
Access to ""Manual Commands"" to verify sensors and pneumatics proper functioning.",Błąd przekroczenia limitu czasu pozycjonowania pneumatycznego. Cylindry {sensor} nie osiągnęły pozycji roboczej. Wejdź do „Poleceń ręcznych” i sprawdź poprawność działania czujników wyłączników krańcowych.,,0000
2021-06-20 18:16:59,BASE BEIGE,5,{sensor} END POSITION TIMEOUT ERROR,"Errore di timeout posizionamento pneumatica. I cilindri {sensor} non hanno raggiunto la posizione di lavoro. Accedere ai ""Comandi Manuali"" e verificare il corretto funzionamento dei sensori di finecorsa.","Pneumatics reaching position timeout error. {sensor} cylinders END POSITION not reached.
Access to ""Manual Commands"" to verify sensors and pneumatics proper functioning.",Błąd przekroczenia limitu czasu pozycjonowania pneumatycznego. Cylindry {sensor} nie osiągnęły pozycji roboczej. Wejdź do „Poleceń ręcznych” i sprawdź poprawność działania czujników wyłączników krańcowych.,,0000
2021-06-20 18:13:50,BASE BEIGE,5,{sensor} END POSITION TIMEOUT ERROR,"Errore di timeout posizionamento pneumatica. I cilindri {sensor} non hanno raggiunto la posizione di lavoro. Accedere ai ""Comandi Manuali"" e verificare il corretto funzionamento dei sensori di finecorsa.","Pneumatics reaching position timeout error. {sensor} cylinders END POSITION not reached.
Access to ""Manual Commands"" to verify sensors and pneumatics proper functioning.",Błąd przekroczenia limitu czasu pozycjonowania pneumatycznego. Cylindry {sensor} nie osiągnęły pozycji roboczej. Wejdź do „Poleceń ręcznych” i sprawdź poprawność działania czujników wyłączników krańcowych.,,0000
2021-06-20 18:13:44,BASE BEIGE,5,{sensor} END POSITION TIMEOUT ERROR,"Errore di timeout posizionamento pneumatica. I cilindri {sensor} non hanno raggiunto la posizione di lavoro. Accedere ai ""Comandi Manuali"" e verificare il corretto funzionamento dei sensori di finecorsa.","Pneumatics reaching position timeout error. {sensor} cylinders END POSITION not reached.
Access to ""Manual Commands"" to verify sensors and pneumatics proper functioning.",Błąd przekroczenia limitu czasu pozycjonowania pneumatycznego. Cylindry {sensor} nie osiągnęły pozycji roboczej. Wejdź do „Poleceń ręcznych” i sprawdź poprawność działania czujników wyłączników krańcowych.,,0000
2021-06-20 18:13:43,BASE BEIGE,5,{sensor} END POSITION TIMEOUT ERROR,"Errore di timeout posizionamento pneumatica. I cilindri {sensor} non hanno raggiunto la posizione di lavoro. Accedere ai ""Comandi Manuali"" e verificare il corretto funzionamento dei sensori di finecorsa.","Pneumatics reaching position timeout error. {sensor} cylinders END POSITION not reached.
Access to ""Manual Commands"" to verify sensors and pneumatics proper functioning.",Błąd przekroczenia limitu czasu pozycjonowania pneumatycznego. Cylindry {sensor} nie osiągnęły pozycji roboczej. Wejdź do „Poleceń ręcznych” i sprawdź poprawność działania czujników wyłączników krańcowych.,,0000
2021-06-20 18:13:39,BASE BEIGE,5,{sensor} END POSITION TIMEOUT ERROR,"Errore di timeout posizionamento pneumatica. I cilindri {sensor} non hanno raggiunto la posizione di lavoro. Accedere ai ""Comandi Manuali"" e verificare il corretto funzionamento dei sensori di finecorsa.","Pneumatics reaching position timeout error. {sensor} cylinders END POSITION not reached.
Access to ""Manual Commands"" to verify sensors and pneumatics proper functioning.",Błąd przekroczenia limitu czasu pozycjonowania pneumatycznego. Cylindry {sensor} nie osiągnęły pozycji roboczej. Wejdź do „Poleceń ręcznych” i sprawdź poprawność działania czujników wyłączników krańcowych.,,0000
2021-06-20 18:10:09,BASE BEIGE,5,{sensor} END POSITION TIMEOUT ERROR,"Errore di timeout posizionamento pneumatica. I cilindri {sensor} non hanno raggiunto la posizione di lavoro. Accedere ai ""Comandi Manuali"" e verificare il corretto funzionamento dei sensori di finecorsa.","Pneumatics reaching position timeout error. {sensor} cylinders END POSITION not reached.
Access to ""Manual Commands"" to verify sensors and pneumatics proper functioning.",Błąd przekroczenia limitu czasu pozycjonowania pneumatycznego. Cylindry {sensor} nie osiągnęły pozycji roboczej. Wejdź do „Poleceń ręcznych” i sprawdź poprawność działania czujników wyłączników krańcowych.,,0000
2021-06-20 18:10:05,BASE BEIGE,5,MO12 END POSITION TIMEOUT ERROR,"Errore di timeout posizionamento pneumatica. I cilindri MO12 non hanno raggiunto la posizione di lavoro. Accedere ai ""Comandi Manuali"" e verificare il corretto funzionamento dei sensori di finecorsa.","Pneumatics reaching position timeout error. MO12 cylinders END POSITION not reached.
Access to ""Manual Commands"" to verify sensors and pneumatics proper functioning.",Błąd przekroczenia limitu czasu pozycjonowania pneumatycznego. Cylindry MO12 nie osiągnęły pozycji roboczej. Wejdź do „Poleceń ręcznych” i sprawdź poprawność działania czujników wyłączników krańcowych.,,0000
2021-06-20 18:10:02,BASE BEIGE,5,MO12 END POSITION TIMEOUT ERROR,"Errore di timeout posizionamento pneumatica. I cilindri MO12 non hanno raggiunto la posizione di lavoro. Accedere ai ""Comandi Manuali"" e verificare il corretto funzionamento dei sensori di finecorsa.","Pneumatics reaching position timeout error. MO12 cylinders END POSITION not reached.
Access to ""Manual Commands"" to verify sensors and pneumatics proper functioning.",Błąd przekroczenia limitu czasu pozycjonowania pneumatycznego. Cylindry MO12 nie osiągnęły pozycji roboczej. Wejdź do „Poleceń ręcznych” i sprawdź poprawność działania czujników wyłączników krańcowych.,,0000
2021-06-20 18:08:50,BASE BEIGE,5,MO12 END POSITION TIMEOUT ERROR,"Errore di timeout posizionamento pneumatica. I cilindri MO12 non hanno raggiunto la posizione di lavoro. Accedere ai ""Comandi Manuali"" e verificare il corretto funzionamento dei sensori di finecorsa.","Pneumatics reaching position timeout error. MO12 cylinders END POSITION not reached.
Access to ""Manual Commands"" to verify sensors and pneumatics proper functioning.",Błąd przekroczenia limitu czasu pozycjonowania pneumatycznego. Cylindry MO12 nie osiągnęły pozycji roboczej. Wejdź do „Poleceń ręcznych” i sprawdź poprawność działania czujników wyłączników krańcowych.,,0000
2021-06-20 16:58:17,BASE BEIGE,5,MO11/MO12 END POSITION TIMEOUT ERROR,"Errore di timeout posizionamento pneumatica. I cilindri MO11/MO12 non hanno raggiunto la posizione di lavoro. Accedere ai ""Comandi Manuali"" e verificare il corretto funzionamento dei sensori di finecorsa.","Pneumatics reaching position timeout error. MO11/MO12 cylinders END POSITION not reached.
Access to ""Manual Commands"" to verify sensors and pneumatics proper functioning.",Błąd przekroczenia limitu czasu pozycjonowania pneumatycznego. Cylindry MO11/MO12 nie osiągnęły pozycji roboczej. Wejdź do „Poleceń ręcznych” i sprawdź poprawność działania czujników wyłączników krańcowych.,,0000
2021-06-20 16:48:29,BASE BEIGE,3,{sensor} END POSITION TIMEOUT ERROR,"Errore di timeout posizionamento pneumatica. I cilindri {sensor} non hanno raggiunto la posizione di lavoro. Accedere ai ""Comandi Manuali"" e verificare il corretto funzionamento dei sensori di finecorsa.","Pneumatics reaching position timeout error. {sensor} cylinders END POSITION not reached.
Access to ""Manual Commands"" to verify sensors and pneumatics proper functioning.",Błąd przekroczenia limitu czasu pozycjonowania pneumatycznego. Cylindry {sensor} nie osiągnęły pozycji roboczej. Wejdź do „Poleceń ręcznych” i sprawdź poprawność działania czujników wyłączników krańcowych.,,0000
2021-06-20 16:48:26,BASE BEIGE,3, END POSITION TIMEOUT ERROR,"Errore di timeout posizionamento pneumatica. I cilindri  non hanno raggiunto la posizione di lavoro. Accedere ai ""Comandi Manuali"" e verificare il corretto funzionamento dei sensori di finecorsa.","Pneumatics reaching position timeout error.  cylinders END POSITION not reached.
Access to ""Manual Commands"" to verify sensors and pneumatics proper functioning.",Błąd przekroczenia limitu czasu pozycjonowania pneumatycznego. Cylindry  nie osiągnęły pozycji roboczej. Wejdź do „Poleceń ręcznych” i sprawdź poprawność działania czujników wyłączników krańcowych.,,0000
2021-06-20 16:48:15,BASE BEIGE,3,{sensor} END POSITION TIMEOUT ERROR,"Errore di timeout posizionamento pneumatica. I cilindri {sensor} non hanno raggiunto la posizione di lavoro. Accedere ai ""Comandi Manuali"" e verificare il corretto funzionamento dei sensori di finecorsa.","Pneumatics reaching position timeout error. {sensor} cylinders END POSITION not reached.
Access to ""Manual Commands"" to verify sensors and pneumatics proper functioning.",Błąd przekroczenia limitu czasu pozycjonowania pneumatycznego. Cylindry {sensor} nie osiągnęły pozycji roboczej. Wejdź do „Poleceń ręcznych” i sprawdź poprawność działania czujników wyłączników krańcowych.,,0000
2021-06-20 16:48:10,BASE BEIGE,3, END POSITION TIMEOUT ERROR,"Errore di timeout posizionamento pneumatica. I cilindri  non hanno raggiunto la posizione di lavoro. Accedere ai ""Comandi Manuali"" e verificare il corretto funzionamento dei sensori di finecorsa.","Pneumatics reaching position timeout error.  cylinders END POSITION not reached.
Access to ""Manual Commands"" to verify sensors and pneumatics proper functioning.",Błąd przekroczenia limitu czasu pozycjonowania pneumatycznego. Cylindry  nie osiągnęły pozycji roboczej. Wejdź do „Poleceń ręcznych” i sprawdź poprawność działania czujników wyłączników krańcowych.,,0000
2021-06-20 16:31:28,BASE BEIGE,3,{sensor} END POSITION TIMEOUT ERROR,"Errore di timeout posizionamento pneumatica. I cilindri {sensor} non hanno raggiunto la posizione di lavoro. Accedere ai ""Comandi Manuali"" e verificare il corretto funzionamento dei sensori di finecorsa.","Pneumatics reaching position timeout error. {sensor} cylinders END POSITION not reached.
Access to ""Manual Commands"" to verify sensors and pneumatics proper functioning.",Błąd przekroczenia limitu czasu pozycjonowania pneumatycznego. Cylindry {sensor} nie osiągnęły pozycji roboczej. Wejdź do „Poleceń ręcznych” i sprawdź poprawność działania czujników wyłączników krańcowych.,,0000
2021-06-20 16:31:23,BASE BEIGE,3, END POSITION TIMEOUT ERROR,"Errore di timeout posizionamento pneumatica. I cilindri  non hanno raggiunto la posizione di lavoro. Accedere ai ""Comandi Manuali"" e verificare il corretto funzionamento dei sensori di finecorsa.","Pneumatics reaching position timeout error.  cylinders END POSITION not reached.
Access to ""Manual Commands"" to verify sensors and pneumatics proper functioning.",Błąd przekroczenia limitu czasu pozycjonowania pneumatycznego. Cylindry  nie osiągnęły pozycji roboczej. Wejdź do „Poleceń ręcznych” i sprawdź poprawność działania czujników wyłączników krańcowych.,,0000
2021-06-20 16:31:21,BASE BEIGE,3, END POSITION TIMEOUT ERROR,"Errore di timeout posizionamento pneumatica. I cilindri  non hanno raggiunto la posizione di lavoro. Accedere ai ""Comandi Manuali"" e verificare il corretto funzionamento dei sensori di finecorsa.","Pneumatics reaching position timeout error.  cylinders END POSITION not reached.
Access to ""Manual Commands"" to verify sensors and pneumatics proper functioning.",Błąd przekroczenia limitu czasu pozycjonowania pneumatycznego. Cylindry  nie osiągnęły pozycji roboczej. Wejdź do „Poleceń ręcznych” i sprawdź poprawność działania czujników wyłączników krańcowych.,,0000
2021-06-20 16:31:04,BASE BEIGE,3, END POSITION TIMEOUT ERROR,"Errore di timeout posizionamento pneumatica. I cilindri  non hanno raggiunto la posizione di lavoro. Accedere ai ""Comandi Manuali"" e verificare il corretto funzionamento dei sensori di finecorsa.","Pneumatics reaching position timeout error.  cylinders END POSITION not reached.
Access to ""Manual Commands"" to verify sensors and pneumatics proper functioning.",Błąd przekroczenia limitu czasu pozycjonowania pneumatycznego. Cylindry  nie osiągnęły pozycji roboczej. Wejdź do „Poleceń ręcznych” i sprawdź poprawność działania czujników wyłączników krańcowych.,,0000
